id,name,bangla_name,bangla_name_translation,number_of_ayahs,revelation_type
1,سُورَةُ ٱلْفَاتِحَةِ,আল ফাতিহা,সূচনা,7,মক্কা
2,سُورَةُ البَقَرَةِ,আল বাকারা,বকনা-বাছুর,286,মদিনা
3,سُورَةُ آلِ عِمۡرَانَ,আল ইমরান,ইমরানের পরিবার,200,মদিনা
4,سُورَةُ النِّسَاءِ,আন নিসা,নারী,176,মদিনা
5,سُورَةُ المَائـِدَةِ,আল মায়িদাহ,খাদ্য পরিবেশিত টেবিল,120,মদিনা
6,سُورَةُ الأَنۡعَامِ,আল আনআম,গৃহপালিত পশু,165,মক্কা
7,سُورَةُ الأَعۡرَافِ,আল আরাফ,উচু স্থানসমূহ,206,মক্কা
8,سُورَةُ الأَنفَالِ,আল আনফাল,আল আনফাল,75,মদিনা
9,سُورَةُ التَّوۡبَةِ,আত তাওবাহ্,অনুশোচনা,129,মদিনা
10,سُورَةُ يُونُسَ,ইউনুস,নবী ইউনুস,109,মক্কা
11,سُورَةُ هُودٍ,হুদ,নবী হুদ,123,মক্কা
12,سُورَةُ يُوسُفَ,ইউসুফ,নবী ইউসুফ,111,মক্কা
13,سُورَةُ الرَّعۡدِ,আর রা'দ,বজ্রপাত,43,মদিনা
14,سُورَةُ إِبۡرَاهِيمَ,ইব্রাহীম,নবী ইব্রাহীম,52,মক্কা
15,سُورَةُ الحِجۡرِ,আল হিজর,পাথুরে পাহাড়,99,মক্কা
16,سُورَةُ النَّحۡلِ,আন নাহল,মৌমাছি,128,মক্কা
17,سُورَةُ الإِسۡرَاءِ,বনী-ইসরাঈল,ইহুদী জাতি,111,মক্কা
18,سُورَةُ الكَهۡفِ,আল কাহাফ,গুহা,110,মক্কা
19,سُورَةُ مَرۡيَمَ,মারইয়াম,মারইয়াম (ঈসা নবীর মা),98,মক্কা
20,سُورَةُ طه,ত্বোয়াহ,ত্বোয়া-হা,135,মক্কা
21,سُورَةُ الأَنبِيَاءِ,আল আম্বিয়া,নবীগণ,112,মক্কা
22,سُورَةُ الحَجِّ,আল হাজ্জ্ব,হজ্জ,78,মদিনা
23,سُورَةُ المُؤۡمِنُونَ,আল মুমিনূন,মুমিনগণ,118,মক্কা
24,سُورَةُ النُّورِ,আন নূর,আলো,64,মদিনা
25,سُورَةُ الفُرۡقَانِ,আল ফুরকান,সত্য মিথ্যার পার্থক্য নির্ধারণকারী গ্রন্থ,77,মক্কা
26,سُورَةُ الشُّعَرَاءِ,আশ শুআরা,কবিগণ,227,মক্কা
27,سُورَةُ النَّمۡلِ,আন নম্‌ল,পিপীলিকা,93,মক্কা
28,سُورَةُ القَصَصِ,আল কাসাস,কাহিনী,88,মক্কা
29,سُورَةُ العَنكَبُوتِ,আল আনকাবুত,মাকড়শা,69,মক্কা
30,سُورَةُ الرُّومِ,আর রুম,রোমান জাতি,60,মক্কা
31,سُورَةُ لُقۡمَانَ,লোকমান,একজন জ্ঞানী ব্যাক্তি,34,মক্কা
32,سُورَةُ السَّجۡدَةِ,আস সেজদাহ্‌,সিজদা,30,মক্কা
33,سُورَةُ الأَحۡزَابِ,আল আহ্‌যাব,জোট,73,মদিনা
34,سُورَةُ سَبَإٍ,সাবা,রানী সাবা/শেবা,54,মক্কা
35,سُورَةُ فَاطِرٍ,ফাতির,আদি স্রষ্টা,45,মক্কা
36,سُورَةُ يسٓ,ইয়াসীন,ইয়াসীন,83,মক্কা
37,سُورَةُ الصَّافَّاتِ,আস ছাফ্‌ফাত,সারি বদ্ধ ভাবে দাঁড়ানো,182,মক্কা
38,سُورَةُ صٓ,ছোয়াদ,আরবি বর্ণ,88,মক্কা
39,سُورَةُ الزُّمَرِ,আয্‌-যুমার,দলবদ্ধ জনতা,75,মক্কা
40,سُورَةُ غَافِرٍ,আল মু'মিন ,বিশ্বাসী,85,মক্কা
41,سُورَةُ فُصِّلَتۡ,হা-মীম সেজদাহ্,সুস্পষ্ট বিবরণ,54,মক্কা
42,سُورَةُ الشُّورَىٰ,আশ্‌-শূরা,পরামর্শ,53,মক্কা
43,سُورَةُ الزُّخۡرُفِ,আয্‌-যুখরুফ,সোনাদানা,89,মক্কা
44,سُورَةُ الدُّخَانِ,আদ-দোখান,ধোঁয়া,59,মক্কা
45,سُورَةُ الجَاثِيَةِ,আল জাসিয়াহ,নতজানু,37,মক্কা
46,سُورَةُ الأَحۡقَافِ,আল আহ্‌কাফ,বালুর পাহাড়,35,মক্কা
47,سُورَةُ مُحَمَّدٍ,মুহাম্মাদ,নবী মুহাম্মাদ,38,মদিনা
48,سُورَةُ الفَتۡحِ,আল ফাত্‌হ,"বিজয়,মক্কা বিজয়",29,মদিনা
49,سُورَةُ الحُجُرَاتِ,আল হুজরাত,বাসগৃহসমুহ,18,মদিনা
50,سُورَةُ قٓ,ক্বাফ,ক্বাফ,45,মক্কা
51,سُورَةُ الذَّارِيَاتِ,আয-যারিয়াত,বিক্ষেপকারী বাতাস,60,মক্কা
52,سُورَةُ الطُّورِ,আত্ব তূর,পাহাড়,49,মক্কা
53,سُورَةُ النَّجۡمِ,আন-নাজম,তারা,62,মক্কা
54,سُورَةُ القَمَرِ,আল ক্বামার,চন্দ্র,55,মক্কা
55,سُورَةُ الرَّحۡمَٰن,আর রহমান,পরম করুণাময়,78,মদিনা
56,سُورَةُ الوَاقِعَةِ,আল ওয়াক্বিয়াহ্‌,নিশ্চিত ঘটনা,96,মক্কা
57,سُورَةُ الحَدِيدِ,আল হাদীদ,লোহা,29,মদিনা
58,سُورَةُ المُجَادلَةِ,আল মুজাদালাহ্‌,অনুযোগকারিণী,22,মদিনা
59,سُورَةُ الحَشۡرِ,আল হাশ্‌র,সমাবেশ,24,মদিনা
60,سُورَةُ المُمۡتَحنَةِ,আল মুম্‌তাহিনাহ্‌,"নারী,যাকে পরীক্ষা করা হবে",13,মদিনা
61,سُورَةُ الصَّفِّ,আস সাফ,সারবন্দী সৈন্যদল,14,মদিনা
62,سُورَةُ الجُمُعَةِ,আল জুমুআহ,সম্মেলন/শুক্রবার,11,মদিনা
63,سُورَةُ المُنَافِقُونَ,আল মুনাফিকূন,কপট বিশ্বাসীগণ,11,মদিনা
64,سُورَةُ التَّغَابُنِ,আত তাগাবুন,মোহ অপসারণ,18,মদিনা
65,سُورَةُ الطَّلَاقِ,আত ত্বালাক,তালাক,12,মদিনা
66,سُورَةُ التَّحۡرِيمِ,আত তাহরীম,নিষিদ্ধকরণ,12,মদিনা
67,سُورَةُ المُلۡكِ,আল মুল্‌ক,সার্বভৌম কতৃত্ব,30,মক্কা
68,سُورَةُ القَلَمِ,আল ক্বলম,কলম,52,মক্কা
69,سُورَةُ الحَاقَّةِ,আল হাক্কাহ,নিশ্চিত সত্য,52,মক্কা
70,سُورَةُ المَعَارِجِ,আল মাআরিজ,উন্নয়নের সোপান,44,মক্কা
71,سُورَةُ نُوحٍ,নূহ,নবী নূহ,28,মক্কা
72,سُورَةُ الجِنِّ,আল জ্বিন,জ্বিন সম্প্রদায়,28,মক্কা
73,سُورَةُ المُزَّمِّلِ,আল মুয্‌যাম্মিল,বস্ত্রাচ্ছাদনকারী,20,মক্কা
74,سُورَةُ المُدَّثِّرِ,আল মুদ্দাস্‌সির,পোশাক পরিহিত,56,মক্কা
75,سُورَةُ القِيَامَةِ,আল ক্বিয়ামাহ্‌,পুনরত্থান,40,মক্কা
76,سُورَةُ الإِنسَانِ,আদ দাহ্‌র,মানুষ,31,মদিনা
77,سُورَةُ المُرۡسَلَاتِ,আল মুরসালাত ,প্রেরিত পুরুষগণ,50,মক্কা
78,سُورَةُ النَّبَإِ,আন্‌ নাবা,মহাসংবাদ,40,মক্কা
79,سُورَةُ النَّازِعَاتِ,আন নাযিয়াত,প্রচেষ্টাকারী,46,মক্কা
80,سُورَةُ عَبَسَ,আবাসা,তিনি ভ্রুকুটি করলেন,42,মক্কা
81,سُورَةُ التَّكۡوِيرِ,আত তাক্‌ভীর,অন্ধকারাচ্ছন্ন,29,মক্কা
82,سُورَةُ الانفِطَارِ,আল ইন্‌ফিতার,বিদীর্ণ করা,19,মক্কা
83,سُورَةُ المُطَفِّفِينَ,আত মুত্বাফ্‌ফিফীন,প্রতারণা করা,36,মক্কা
84,سُورَةُ الانشِقَاقِ,আল ইন্‌শিকাক,খন্ড-বিখন্ড করণ,25,মক্কা
85,سُورَةُ البُرُوجِ,আল বুরুজ,নক্ষত্রপুন্জ,22,মক্কা
86,سُورَةُ الطَّارِقِ,আত তারিক্ব,রাতের আগন্তুক,17,মক্কা
87,سُورَةُ الأَعۡلَىٰ,আল আ'লা,সর্বোন্নত,19,মক্কা
88,سُورَةُ الغَاشِيَةِ,আল গাশিয়াহ্‌,আল গাশিয়াহ্‌ ,26,মক্কা
89,سُورَةُ الفَجۡرِ,আল ফাজ্‌র,ভোরবেলা,30,মক্কা
90,سُورَةُ البَلَدِ,আল বালাদ,নগর,20,মক্কা
91,سُورَةُ الشَّمۡسِ,আশ শামস,সূর্য,15,মক্কা
92,سُورَةُ اللَّيۡلِ,আল লাইল,রাত্রি,21,মক্কা
93,سُورَةُ الضُّحَىٰ,আদ দুহা,পূর্বান্হের সুর্যকিরণ,11,মক্কা
94,سُورَةُ الشَّرۡحِ,আল ইনশিরাহ,বক্ষ প্রশস্তকরণ,8,মক্কা
95,سُورَةُ التِّينِ,আত ত্বীন,ডুমুর,8,মক্কা
96,سُورَةُ العَلَقِ,আল আলাক,রক্তপিন্ড,19,মক্কা
97,سُورَةُ القَدۡرِ,আল ক্বাদর,মহিমান্বিত,5,মক্কা
98,سُورَةُ البَيِّنَةِ,আল বাইয়্যিনাহ,সুস্পষ্ট প্রমাণ,8,মদিনা
99,سُورَةُ الزَّلۡزَلَةِ,আল যিল্‌যাল,ভূমিকম্প,8,মদিনা
100,سُورَةُ العَادِيَاتِ,আল আদিয়াত,অভিযানকারী,11,মক্কা
101,سُورَةُ القَارِعَةِ,আল ক্বারিয়াহ্‌,মহাসংকট,11,মক্কা
102,سُورَةُ التَّكَاثُرِ,আত তাকাসুর,প্রাচুর্যের প্রতিযোগিতা,8,মক্কা
103,سُورَةُ العَصۡرِ,আল আছর,সময়,3,মক্কা
104,سُورَةُ الهُمَزَةِ,আল হুমাযাহ,পরনিন্দাকারী,9,মক্কা
105,سُورَةُ الفِيلِ,আল ফীল,হাতি,5,মক্কা
106,سُورَةُ قُرَيۡشٍ,কুরাইশ,কুরাইশ গোত্র,4,মক্কা
107,سُورَةُ المَاعُونِ,আল মাঊন,সাহায্য-সহায়তা,7,মক্কা
108,سُورَةُ الكَوۡثَرِ,আল কাওসার,প্রাচুর্য,3,মক্কা
109,سُورَةُ الكَافِرُونَ,আল কাফিরুন,অবিশ্বাসী গোষ্ঠী,6,মক্কা
110,سُورَةُ النَّصۡرِ,আন নাসর,স্বর্গীয় সাহায্য,3,মদিনা
111,سُورَةُ المَسَدِ,আল লাহাব ,জ্বলন্ত অংগার,5,মক্কা
112,سُورَةُ الإِخۡلَاصِ,আল ইখলাস,একত্ব,4,মক্কা
113,سُورَةُ الفَلَقِ,আল ফালাক,নিশিভোর,5,মক্কা
114,سُورَةُ النَّاسِ,আন নাস,মানবজাতি,6,মক্কা
